CIF,Age,EmailAddress,FirstName,LastName,PhoneNumber,Gender,Address,Country,JobTitle,CardNumber,AccountNumber,FullName,Latitude,Longitude
1,26,Greta_Swan6281@corti.com,Greta,Swan,6-254-223-4334,Female,"Armory  Tunnel, 3699",Egypt,Bellman,348146088,650636154,Greta Swan,26.2540493,29.2675469
2,41,Rebecca_Corbett5111@ovock.tech,Rebecca,Corbett,5-720-670-7047,Female,"Apostle  Tunnel, 4850",Madagascar,Clerk,285836186,875134278,Rebecca Corbett,-18.9249604,46.4416422
3,68,Dani_Flanders7065@qater.org,Dani,Flanders,8-150-728-6781,Female,"Bishop   Street, 1298",The Gambia,Business Broker,811843310,566838044,Dani Flanders,42.389885,-82.922726
4,68,Morgan_James9389@sveldo.biz,Morgan,James,7-215-157-6623,Female,"Wadham  Avenue, 8018",Guinea-Bissau,Banker,773808680,532161750,Morgan James,51.600653,-0.0100925
5,51,Erick_Ingram7572@extex.org,Erick,Ingram,8-603-106-4884,Male,"Chamberlain  Pass, 3481",Russia,Electrician,171241530,683005812,Erick Ingram,43.810817,-99.330178
6,52,Hayden_Garcia8505@extex.org,Hayden,Garcia,2-225-676-6758,Male,"Shepherds  Grove, 5504",Solomon Islands,Banker,110447471,60213317,Hayden Garcia,53.6717431,-1.7553374
7,62,Mark_Jobson9521@eirey.tech,Mark,Jobson,4-301-266-1565,Male,"Parkfield  Walk, 4086",Japan,Systems Administrator,425862712,611710203,Mark Jobson,50.2719947,-3.8611377
8,62,Candace_Shea4131@gompie.com,Candace,Shea,4-554-734-5866,Female,"Geffrye   Pass, 1418",Montenegro,Loan Officer,830047362,820622326,Candace Shea,51.5320832,-0.07797705144037606
9,56,Rowan_Harper2387@grannar.com,Rowan,Harper,1-046-822-1774,Female,"Lexington Road, 7414",Azerbaijan,Treasurer,564280407,402456427,Rowan Harper,41.96352168790319,-80.35978743204782
10,73,Janice_Simmons7212@nanoff.biz,Janice,Simmons,1-767-728-0781,Female,"Badric  Boulevard, 9856",Nicaragua,Assistant Buyer,77143850,827226062,Janice Simmons,12.6090157,-85.2936911
11,34,Matt_Carter4991@extex.org,Matt,Carter,4-548-287-8224,Male,"Cedarne  Rue, 4071",Togo,Designer,748685701,624062107,Matt Carter,8.7800265,1.0199765
12,57,Mike_Locke1573@ubusive.com,Mike,Locke,5-067-008-7015,Male,"Clavell   Avenue, 9152",Belgium,Banker,31571657,534067335,Mike Locke,27.5456146,-80.4662969
13,31,David_Simpson7737@corti.com,David,Simpson,3-817-857-7664,Male,"Buttonwood Walk, 8257",Kuwait,Investment  Advisor,142350766,246873132,David Simpson,41.5655559,-87.6894497
14,62,Greta_Walker7202@mafthy.com,Greta,Walker,7-327-657-0880,Female,"Caedmon  Walk, 8197",Suriname,Restaurant Manager,145286565,434245776,Greta Walker,4.1413025,-56.0771187
15,68,Bart_Eaton4423@kideod.biz,Bart,Eaton,7-067-054-2573,Male,"Camdale  Walk, 5995",Afghanistan,Laboratory Technician,112636481,62181716,Bart Eaton,33.7680065,66.2385139
16,65,Jamie_Parker648@nanoff.biz,Jamie,Parker,8-414-401-0682,Female,"Becklow  Route, 3565",Oman,CNC Operator,853425384,762542442,Jamie Parker,21.0000287,57.0036901
17,43,Julius_Walsh9782@deavo.com,Julius,Walsh,4-260-073-6750,Male,"Chatfield  Hill, 7897",Nauru,Budget Analyst,832232782,174153773,Julius Walsh,45.6828207,-121.3476902
18,70,Peter_Bailey5215@infotech44.tech,Peter,Bailey,4-034-783-5765,Male,"Chalcot  Alley, 28",Estonia,Steward,702723427,305466381,Peter Bailey,58.7523778,25.3319078
19,42,Jacob_Thomas6799@nanoff.biz,Jacob,Thomas,6-405-363-8766,Male,"Sherlock   Vale, 6897",Paraguay,Doctor,10511700,736315657,Jacob Thomas,18.0158813,-76.9929781
20,56,Lillian_Drummond9267@sveldo.biz,Lillian,Drummond,7-703-274-4136,Female,"Birkenhead   Grove, 3001",Saint Kitts and Nevis,Biologist,355412463,745501433,Lillian Drummond,53.38437675,-3.0339703726450487
21,53,Kurt_Nanton3912@typill.biz,Kurt,Nanton,4-038-115-1004,Male,"Elba  Pass, 5728",Comoros,Assistant Buyer,725056638,830521651,Kurt Nanton,31.4146108,-86.0677243
22,62,Barry_Jarvis2187@twipet.com,Barry,Jarvis,5-547-857-2780,Male,"Balfour    Lane, 3663",Uzbekistan,Cook,105784218,338583601,Barry Jarvis,37.64742451559664,-120.92718478774042
23,54,Robyn_Shields1254@dionrab.com,Robyn,Shields,1-524-857-3202,Female,"Abbotswell  Way, 1428",Mauritius,Call Center Representative,43882028,248164677,Robyn Shields,57.1207544,-2.0960642
24,59,Doug_Stuart6039@fuliss.net,Doug,Stuart,6-567-238-8808,Male,"Queensberry  Street, 3049",Albania,Restaurant Manager,865727506,228007826,Doug Stuart,-37.7226525,144.8576211
25,43,Carol_Ebbs2464@mafthy.com,Carol,Ebbs,8-167-554-6406,Female,"Chamberlain  Route, 7314",Saudi Arabia,Service Supervisor,565508781,576222236,Carol Ebbs,25.6242618,42.3528328
26,32,Roger_Mcnally8259@womeona.net,Roger,Mcnally,3-036-678-3507,Male,"Boleyn  Lane, 1948",Austria,Service Supervisor,358876367,25447058,Roger Mcnally,42.952402,-83.679352
27,30,Chad_Briggs5804@kideod.biz,Chad,Briggs,1-146-244-8364,Male,"Sheffield Hill, 3146",Mauritania,Project Manager,778085267,236843454,Chad Briggs,40.81291,-73.4714245
28,75,Logan_Vaughan4652@ubusive.com,Logan,Vaughan,2-788-405-5152,Male,"Fairview Tunnel, 6419",Chile,CNC Operator,322566040,600234656,Logan Vaughan,-31.7613365,-71.3187697
29,66,Nicholas_Morris7258@bauros.biz,Nicholas,Morris,4-316-138-6012,Male,"Battis   Way, 1255",Cambodia,Ambulatory Nurse,417502805,871104712,Nicholas Morris,51.5735316,0.1793108
30,63,Judith_Addison8818@jiman.org,Judith,Addison,0-112-805-4370,Female,"Linden Grove, 1314",Iraq,Assistant Buyer,478770168,785658200,Judith Addison,47.862977,-92.870454
31,62,Danielle_Blackwall3289@gmail.com,Danielle,Blackwall,6-305-561-5026,Female,"Western   Vale, 1367",Sao Tome and Principe,Clerk,57470307,48825416,Danielle Blackwall,50.931882099999996,-0.06047399999999899
32,28,Jayden_Riley6232@joiniaa.com,Jayden,Riley,4-380-888-7158,Male,"Adderley   Crossroad, 2628",Nauru,Clerk,731013327,483671026,Jayden Riley,-0.5252306,166.9324426
33,75,Eduardo_Thompson472@brety.org,Eduardo,Thompson,6-330-523-2543,Male,"Bletchley   Route, 454",Bangladesh,Global Logistics Supervisor,84767037,525771330,Eduardo Thompson,24.4769288,90.2934413
34,29,Quinn_Powell490@iatim.tech,Quinn,Powell,7-236-685-7284,Female,"Queen Road, 5739",Congo,Machine Operator,667885438,45614184,Quinn Powell,50.8386184,-1.1922454
35,58,Barney_Noon9645@corti.com,Barney,Noon,2-825-433-6448,Male,"Cadogan  Crossroad, 6470",Ethiopia,Front Desk Coordinator,775261206,50617466,Barney Noon,10.2116702,38.6521203
36,62,Shannon_Rixon6181@typill.biz,Shannon,Rixon,1-222-507-7226,Female,"Clarks  Way, 8222",Nicaragua,Webmaster,723137731,855218447,Shannon Rixon,39.9316518,-76.6951664
37,66,Livia_Mccall2008@bauros.biz,Livia,Mccall,6-334-207-1264,Female,"Virginia Pass, 4548",Kyrgyzstan,Service Supervisor,377160536,886511363,Livia Mccall,47.52326,-92.536571
38,70,Elly_Allen1267@elnee.tech,Elly,Allen,3-566-773-5861,Female,"Dyott   Road, 3536",Peru,Pharmacist,588250202,88566634,Elly Allen,52.4384565,-1.8767874
39,59,Noah_Ainsworth5312@ubusive.com,Noah,Ainsworth,6-807-760-6721,Male,"Coal Wharf  Walk, 5230",China,Production Painter,573500347,883663870,Noah Ainsworth,35.000074,104.999927
40,33,Chad_Thornton9398@twipet.com,Chad,Thornton,1-344-558-3034,Male,"Chesterfield  Rue, 9346",Bangladesh,Cash Manager,801644471,423134375,Chad Thornton,48.3015051,4.0966499
41,21,Alexa_Lloyd9744@mafthy.com,Alexa,Lloyd,2-212-211-6842,Female,"Bellenden   Way, 8371",Cuba,Electrician,354162062,262681121,Alexa Lloyd,23.0131338,-80.8328748
42,54,Carter_Osman3391@gompie.com,Carter,Osman,3-606-727-7373,Male,"Vintners  Avenue, 984",Botswana,Budget Analyst,837866353,560481425,Carter Osman,-23.1681782,24.5928742
43,74,Rufus_Bryant4405@hourpy.biz,Rufus,Bryant,8-846-661-1083,Male,"Walnut Pass, 9948",Uzbekistan,Fabricator,471022438,415363166,Rufus Bryant,33.7085883,-117.7926096
44,68,Phillip_Olivier4930@vetan.org,Phillip,Olivier,8-445-855-2706,Male,"Arline    Way, 6570",Fiji,Cashier,745845503,272726427,Phillip Olivier,44.0273496,-123.0661327
45,61,Tom_Wellington9680@extex.org,Tom,Wellington,6-301-300-7570,Male,"Victoria  Avenue, 9498",Grenada,Clerk,542352342,705775861,Tom Wellington,33.904767,-117.433591
46,69,Ramon_Umney2389@dionrab.com,Ramon,Umney,6-817-777-1130,Male,"Durham Vale, 1574",Dominica,Electrician,161780226,726550272,Ramon Umney,52.9988027,-1.191917
47,58,Chelsea_Malone9993@zorer.org,Chelsea,Malone,3-478-250-8171,Female,"Arthur  Pass, 9004",Thailand,Cook,100747353,738621855,Chelsea Malone,42.3353,-95.3475647
48,39,Nathan_Silva7674@acrit.org,Nathan,Silva,4-648-813-3124,Male,"Maple Lane, 6622",Germany,Healthcare Specialist,821510773,241682480,Nathan Silva,28.00646462987013,-82.35459787012987
49,56,Jacob_Swift4743@ovock.tech,Jacob,Swift,7-472-868-0037,Male,"Hampden  Tunnel, 7229",Laos,Restaurant Manager,500885554,535506535,Jacob Swift,20.0171109,103.378253
50,52,Rosalyn_Clarkson4018@gmail.com,Rosalyn,Clarkson,0-206-662-2461,Female,"Caedmon  Walk, 8914",Italy,Software Engineer,362647780,145156482,Rosalyn Clarkson,42.6384261,12.674297
51,72,Carina_Pitt3454@twace.org,Carina,Pitt,1-782-556-7806,Female,"Bingham   Rue, 4957",Italy,Global Logistics Supervisor,671685564,566648428,Carina Pitt,45.3894602,-75.6230764
52,58,Claire_Attwood4237@nickia.com,Claire,Attwood,5-174-726-2103,Female,"Walnut Street, 2259",Lesotho,Mobile Developer,60112111,430156024,Claire Attwood,40.09398394650267,-85.67302936953008
53,30,Martin_Edley8921@acrit.org,Martin,Edley,4-616-106-4135,Male,"Hickory Lane Grove, 8062",Japan,Design Engineer,682817633,653401765,Martin Edley,41.438376,-78.049878
54,44,Stella_Kelly7531@hourpy.biz,Stella,Kelly,8-783-576-8786,Female,"West Route, 8950",New Zealand,Accountant,710878515,178664118,Stella Kelly,18.4250983,-72.7853372
55,22,Joseph_Ellery348@vetan.org,Joseph,Ellery,4-524-426-4110,Male,"Falconberg   Alley, 9251",Myanmar,Web Developer,804181012,852008323,Joseph Ellery,17.1750495,95.9999652
56,58,Hank_Griffiths5090@bretoux.com,Hank,Griffiths,7-556-200-3770,Male,"Boadicea   Hill, 4303",Mauritius,Front Desk Coordinator,117770065,514658714,Hank Griffiths,-20.2759451,57.5703566
57,42,Zoe_Russell8482@twipet.com,Zoe,Russell,3-283-868-0283,Female,"Archery  Drive, 5622",Luxembourg,Project Manager,624130454,878108537,Zoe Russell,36.78204,-76.356
58,35,Catherine_Bloom6772@atink.com,Catherine,Bloom,1-612-318-7336,Female,"Eaglet  Road, 1709",Marshall Islands,Service Supervisor,328137268,646017012,Catherine Bloom,54.0744806,-122.3681806
59,38,Lucy_Ianson9892@yahoo.com,Lucy,Ianson,5-725-435-5327,Female,"Kinglake  Walk, 9265",Indonesia,Physician,461252550,714208170,Lucy Ianson,-2.4833826,117.8902853
60,31,Ivette_Allen792@zorer.org,Ivette,Allen,3-630-033-3754,Female,"Timothy  Drive, 4974",Poland,Food Technologist,347470667,882041325,Ivette Allen,40.90767737582993,-85.54648963117961
61,46,Ramon_Connell4679@naiker.biz,Ramon,Connell,6-551-374-2105,Male,"Camdenhurst   Grove, 6901",Mexico,Ambulatory Nurse,134354852,844302613,Ramon Connell,23.6585116,-102.0077097
62,48,Jack_Larsen3879@muall.tech,Jack,Larsen,0-087-077-3070,Male,"Belgrave  Vale, 910",Tanzania,Mobile Developer,105665586,258610744,Jack Larsen,51.5367452,-0.1846988
63,65,Sharon_Ward511@deons.tech,Sharon,Ward,3-583-303-4820,Female,"Queen Route, 5055",Ecuador,HR Coordinator,345710885,546814528,Sharon Ward,-1.3397668,-79.3666965
64,53,Dalia_Oldfield9017@famism.biz,Dalia,Oldfield,8-402-818-6873,Female,"Baltic  Tunnel, 5780",Macedonia,Audiologist,636023822,562026725,Dalia Oldfield,41.6171214,21.7168387
65,53,Julius_Leigh6978@typill.biz,Julius,Leigh,7-061-303-5147,Male,"Maple Pass, 1335",Maldives,Project Manager,583857164,827070132,Julius Leigh,53.47413,-113.351242
66,27,Clarissa_Barrett2077@twace.org,Clarissa,Barrett,1-434-644-6504,Female,"Chancellor  Street, 3133",Luxembourg,Chef Manager,803224017,888781742,Clarissa Barrett,-33.7782244,150.8691978
67,29,Isla_Brown5359@gompie.com,Isla,Brown,2-026-318-5670,Female,"Camera  Crossroad, 300",Armenia,Design Engineer,824651518,72257603,Isla Brown,40.7696272,44.6736646
68,47,Tyson_Allington9914@ubusive.com,Tyson,Allington,1-872-052-3761,Male,"Howard Way, 8643",Bolivia,Mobile Developer,348745400,567415342,Tyson Allington,52.7889814,1.2493211
69,66,Mabel_Wren7408@joiniaa.com,Mabel,Wren,3-437-834-0805,Female,"Arundel   Pass, 3185",Benin,Accountant,75681033,576441300,Mabel Wren,50.85453835,-0.5648162995576137
70,28,Percy_Warner971@nickia.com,Percy,Warner,7-454-768-4471,Male,"Calderwood   Grove, 3379",Pakistan,Health Educator,428124181,211844005,Percy Warner,53.3741876,-6.2416691
71,73,Eden_Wheeler6731@bretoux.com,Eden,Wheeler,1-520-656-7651,Female,"Cleveland  Way, 602",Papua New Guinea,Mobile Developer,606328656,684882707,Eden Wheeler,40.86930453236668,-80.28814989292194
72,68,Shannon_Bloom4691@acrit.org,Shannon,Bloom,3-233-445-8372,Female,"Magnolia Lane, 6894",Tajikistan,Webmaster,810826185,256102086,Shannon Bloom,26.555024139297124,-81.84073506573476
73,30,Marvin_Simpson703@bungar.biz,Marvin,Simpson,0-052-811-3347,Male,"Boadicea   Vale, 5672",Maldives,Audiologist,773365267,802720825,Marvin Simpson,3.7203503,73.2244152
74,55,Winnie_Murphy1277@liret.org,Winnie,Murphy,2-617-561-2620,Female,"Hammersmith  Tunnel, 4207",Croatia,Clerk,11205434,857132148,Winnie Murphy,45.3658443,15.6575209
75,68,Maia_Jennson8615@hourpy.biz,Maia,Jennson,5-522-381-1052,Female,"Caxton  Tunnel, 661",Luxembourg,Physician,181681544,426782440,Maia Jennson,49.8158683,6.1296751
76,24,Makenzie_Needham7131@elnee.tech,Makenzie,Needham,6-412-117-4302,Female,"Blackheath  Rue, 4366",Equatorial Guinea,Treasurer,816737264,833104215,Makenzie Needham,45.4702417,-75.5061814
77,34,Brad_Collins6217@sheye.org,Brad,Collins,2-655-375-5216,Male,"Collingwood  Route, 6970",Grenada,Staffing Consultant,637188217,724640000,Brad Collins,12.1360374,-61.6904045
78,26,Sofie_Beal3392@sheye.org,Sofie,Beal,1-824-668-5642,Female,"Hammersmith  Boulevard, 8021",Pakistan,Chef Manager,427264174,513534378,Sofie Beal,30.3308401,71.247499
79,57,Marvin_Baldwin8955@deavo.com,Marvin,Baldwin,7-123-462-3655,Male,"Bayberry Route, 5480",Palau,Biologist,232338711,726258582,Marvin Baldwin,5.3783537,132.9102573
80,48,Adalie_Paterson3861@qater.org,Adalie,Paterson,6-870-843-8073,Female,"Sundown Route, 1836",Comoros,Designer,323082058,211268460,Adalie Paterson,31.924475,-91.4435
81,29,Leroy_Jacobs4285@gmail.com,Leroy,Jacobs,6-422-241-3353,Male,"Chancellor  Pass, 5918",Poland,IT Support Staff,1785567,140018617,Leroy Jacobs,31.1815634,-85.8771592
82,34,Adina_Dallas1135@bauros.biz,Adina,Dallas,6-628-683-2620,Female,"Castle Walk, 8758",South Africa,Lecturer,478834181,671300017,Adina Dallas,48.851978700000004,7.612471386993969
83,64,Gil_Bowen7155@gembat.biz,Gil,Bowen,2-716-030-2510,Male,"Amwell    Grove, 1844",Malawi,Banker,536347814,27302606,Gil Bowen,52.4092276,-1.8867441
84,34,Makenzie_Campbell6966@mafthy.com,Makenzie,Campbell,4-208-166-2743,Female,"Tiptree   Pass, 9964",Iraq,Mobile Developer,478076871,406420705,Makenzie Campbell,51.8105624,0.750687
85,35,Karla_Underhill3363@infotech44.tech,Karla,Underhill,8-862-826-6642,Female,"Caroline  Rue, 5359",Venezuela,Bellman,31218088,332185087,Karla Underhill,49.75207435,6.093029000579387
86,54,Alexa_Barrett8271@ubusive.com,Alexa,Barrett,8-003-230-7224,Female,"Calverley  Pass, 9336",Mexico,Accountant,842342305,673723828,Alexa Barrett,53.829631,-1.6877896
87,54,Johnathan_Overson3259@corti.com,Johnathan,Overson,0-834-217-4225,Male,"Becher  Avenue, 7006",Hungary,Cash Manager,652074277,866208743,Johnathan Overson,-32.0775191,115.9384856
88,50,Monica_Speed9042@ubusive.com,Monica,Speed,1-557-862-2207,Female,"Thorndike   Street, 3968",Cuba,Electrician,458658450,266303668,Monica Speed,43.9501635,-69.2136633
89,21,Leslie_Potter6497@joiniaa.com,Leslie,Potter,3-228-320-8778,Female,"Queen Hill, 6444",Guinea-Bissau,Doctor,760555756,435572316,Leslie Potter,12.153899,-83.0617046
90,55,Cadence_Irwin2751@sheye.org,Cadence,Irwin,7-503-112-4700,Female,"West Walk, 6538",Dominican Republic,Design Engineer,664422061,885186760,Cadence Irwin,52.5975318,1.7285156
91,30,Angelica_Wheeler2233@zorer.org,Angelica,Wheeler,7-475-530-6280,Female,"Meadow Way, 3421",Malawi,Electrician,872518188,561132636,Angelica Wheeler,38.79777182956509,-121.2359491797955
92,27,Benjamin_Cobb9646@gembat.biz,Benjamin,Cobb,2-178-506-5455,Male,"Linden Rue, 6220",Brunei,Executive Director,623817544,574272386,Benjamin Cobb,4.4137155,114.5653908
93,72,Alessandra_Moore9279@twace.org,Alessandra,Moore,5-573-360-5386,Female,"Central  Street, 3369",Italy,Cook,170782658,736324742,Alessandra Moore,42.320961727272724,-83.13046633333333
94,24,Carl_Butler5240@jiman.org,Carl,Butler,0-316-163-0311,Male,"Virgil   Rue, 3066",India,Insurance Broker,481165303,34824477,Carl Butler,50.9520792,1.8934743
95,68,Clarissa_Cox4843@acrit.org,Clarissa,Cox,3-205-478-7265,Female,"Enderby   Grove, 8219",Nauru,Call Center Representative,682581827,338586732,Clarissa Cox,52.4869689,-1.9395186
96,48,Emma_Warren1210@mafthy.com,Emma,Warren,1-262-340-8110,Female,"Blue Anchor  Route, 971",Central African Republic,Cash Manager,504330552,431701077,Emma Warren,7.0323598,19.9981227
97,24,Lucas_Thornton3668@cispeto.com,Lucas,Thornton,6-475-181-1128,Male,"Camberwell  Rue, 2551",Macedonia,Software Engineer,134403885,281251765,Lucas Thornton,50.6045639,2.8563538
98,20,Tony_Coleman3095@liret.org,Tony,Coleman,8-415-715-1328,Male,"Linda Lane Way, 1580",Mali,Production Painter,438288232,625822217,Tony Coleman,16.3700359,-2.2900239
99,39,Lauren_Overson6702@naiker.biz,Lauren,Overson,7-863-713-8356,Female,"King Drive, 5317",Qatar,Designer,418872656,312782310,Lauren Overson,18.5044547,-67.1243159
100,25,Julianna_Bowen2933@acrit.org,Julianna,Bowen,2-357-212-7111,Female,"Monroe Road, 7220",Bahrain,Global Logistics Supervisor,160617604,430045447,Julianna Bowen,39.50994571203854,-77.67670803262295
